feature,importance
孕妇BMI_std,0.16976050657085356
X染色体浓度_std,0.1478897344607386
13号染色体的GC含量_std,0.13828969713653472
18号染色体的GC含量_std,0.10907247088264939
18号染色体的Z值,0.09390759805643857
年龄_std,0.07486839771537955
X染色体的Z值,0.07454053366586247
13号染色体的Z值,0.07229906822236248
被过滤掉读段数的比例_std,0.061455801618672486
21号染色体的Z值,0.057916191670508155
