{
  "threshold": 0.7,
  "precision": 0.4,
  "recall": 0.3,
  "f1": 0.34285714285714286,
  "accuracy": 0.8736263736263736,
  "roc_auc": 0.7234567901234568,
  "pr_auc": 0.33076659213836074,
  "positive_rate_pred": 0.08241758241758242
}