{
  "threshold": 0.7,
  "precision": 0.625,
  "recall": 0.25,
  "f1": 0.35714285714285715,
  "accuracy": 0.9010989010989011,
  "roc_auc": 0.7296296296296296,
  "pr_auc": 0.4192927203537977,
  "positive_rate_pred": 0.04395604395604396
}