feature,importance
is_abnormal,0.5011088961039256
X染色体浓度_std,0.12216967774055744
X染色体的Z值,0.07771850192525433
孕妇BMI_std,0.0715492068107751
13号染色体的GC含量_std,0.04266636040949839
被过滤掉读段数的比例_std,0.03835751784755521
13号染色体的Z值,0.03785085466329986
18号染色体的GC含量_std,0.035884603398276274
21号染色体的Z值,0.027990963693306704
18号染色体的Z值,0.024986108034699382
年龄_std,0.019717309372851884
