feature,importance
is_abnormal,0.71569234
X染色体浓度_std,0.081366755
13号染色体的GC含量_std,0.037313454
X染色体的Z值,0.034085386
被过滤掉读段数的比例_std,0.023692805
孕妇BMI_std,0.022124639
13号染色体的Z值,0.022006972
18号染色体的GC含量_std,0.018822925
21号染色体的Z值,0.017694369
18号染色体的Z值,0.015509718
年龄_std,0.0116906
