{
  "random_forest": {
    "threshold_0.3": {
      "threshold": 0.3,
      "precision": 0.3125,
      "recall": 0.7142857142857143,
      "f1": 0.43478260869565216,
      "accuracy": 0.9285714285714286,
      "roc_auc": 0.9616326530612245,
      "pr_auc": 0.37832493321215127
    },
    "threshold_0.5": {
      "threshold": 0.5,
      "precision": 0.3333333333333333,
      "recall": 0.2857142857142857,
      "f1": 0.3076923076923077,
      "accuracy": 0.9505494505494505,
      "roc_auc": 0.9616326530612245,
      "pr_auc": 0.37832493321215127
    },
    "threshold_0.7": {
      "threshold": 0.7,
      "precision": 0.4,
      "recall": 0.2857142857142857,
      "f1": 0.3333333333333333,
      "accuracy": 0.9560439560439561,
      "roc_auc": 0.9616326530612245,
      "pr_auc": 0.37832493321215127
    }
  },
  "xgboost": {
    "threshold_0.3": {
      "threshold": 0.3,
      "precision": 0.4666666666666667,
      "recall": 1.0,
      "f1": 0.6363636363636364,
      "accuracy": 0.9560439560439561,
      "roc_auc": 0.9738775510204082,
      "pr_auc": 0.48806431663574523
    },
    "threshold_0.5": {
      "threshold": 0.5,
      "precision": 0.4666666666666667,
      "recall": 1.0,
      "f1": 0.6363636363636364,
      "accuracy": 0.9560439560439561,
      "roc_auc": 0.9738775510204082,
      "pr_auc": 0.48806431663574523
    },
    "threshold_0.7": {
      "threshold": 0.7,
      "precision": 0.3333333333333333,
      "recall": 0.42857142857142855,
      "f1": 0.375,
      "accuracy": 0.945054945054945,
      "roc_auc": 0.9738775510204082,
      "pr_auc": 0.48806431663574523
    }
  },
  "lightgbm": {
    "threshold_0.3": {
      "threshold": 0.3,
      "precision": 0.38461538461538464,
      "recall": 0.7142857142857143,
      "f1": 0.5,
      "accuracy": 0.945054945054945,
      "roc_auc": 0.9730612244897959,
      "pr_auc": 0.46431405895691613
    },
    "threshold_0.5": {
      "threshold": 0.5,
      "precision": 0.45454545454545453,
      "recall": 0.7142857142857143,
      "f1": 0.5555555555555556,
      "accuracy": 0.9560439560439561,
      "roc_auc": 0.9730612244897959,
      "pr_auc": 0.46431405895691613
    },
    "threshold_0.7": {
      "threshold": 0.7,
      "precision": 0.5555555555555556,
      "recall": 0.7142857142857143,
      "f1": 0.625,
      "accuracy": 0.967032967032967,
      "roc_auc": 0.9730612244897959,
      "pr_auc": 0.46431405895691613
    }
  }
}