{
  "threshold": 0.3,
  "precision": 0.25,
  "recall": 0.3,
  "f1": 0.2727272727272727,
  "accuracy": 0.8241758241758241,
  "roc_auc": 0.6996913580246914,
  "pr_auc": 0.33066273763019555,
  "positive_rate_pred": 0.13186813186813187
}