{
  "random_forest": {
    "threshold": 0.3,
    "precision": 0.27450980392156865,
    "recall": 0.7,
    "f1": 0.39436619718309857,
    "accuracy": 0.7637362637362637,
    "roc_auc": 0.7279320987654322,
    "pr_auc": 0.41886711258494297,
    "positive_rate_pred": 0.2802197802197802
  },
  "xgboost": {
    "threshold": 0.3,
    "precision": 0.21428571428571427,
    "recall": 0.3,
    "f1": 0.25,
    "accuracy": 0.8021978021978022,
    "roc_auc": 0.6953703703703703,
    "pr_auc": 0.3568463179874081,
    "positive_rate_pred": 0.15384615384615385
  },
  "lightgbm": {
    "threshold": 0.3,
    "precision": 0.25,
    "recall": 0.3,
    "f1": 0.2727272727272727,
    "accuracy": 0.8241758241758241,
    "roc_auc": 0.6996913580246914,
    "pr_auc": 0.33066273763019555,
    "positive_rate_pred": 0.13186813186813187
  }
}