{
  "threshold": 0.3,
  "precision": 0.27450980392156865,
  "recall": 0.7,
  "f1": 0.39436619718309857,
  "accuracy": 0.7637362637362637,
  "roc_auc": 0.7279320987654322,
  "pr_auc": 0.41886711258494297,
  "positive_rate_pred": 0.2802197802197802
}