{
  "threshold": 0.3,
  "precision": 0.21428571428571427,
  "recall": 0.3,
  "f1": 0.25,
  "accuracy": 0.8021978021978022,
  "roc_auc": 0.6953703703703703,
  "pr_auc": 0.3568463179874081,
  "positive_rate_pred": 0.15384615384615385
}