{
  "model": "xgboost",
  "threshold": 0.3,
  "metrics": {
    "threshold": 0.3,
    "precision": 0.4117647058823529,
    "recall": 1.0,
    "f1": 0.5833333333333334,
    "accuracy": 0.945054945054945,
    "roc_auc": 0.9730612244897959,
    "pr_auc": 0.5897977022977023
  }
}