feature,importance
is_abnormal,0.7208888
X染色体浓度_std,0.083607934
13号染色体的GC含量_std,0.041137543
孕妇BMI_std,0.025967285
X染色体的Z值,0.025459552
被过滤掉读段数的比例_std,0.02139913
13号染色体的Z值,0.01908273
18号染色体的GC含量_std,0.01837075
21号染色体的Z值,0.017715955
18号染色体的Z值,0.01692012
年龄_std,0.009450127
