{
  "random_forest": {
    "threshold_0.2": {
      "threshold": 0.2,
      "precision": 0.3684210526315789,
      "recall": 1.0,
      "f1": 0.5384615384615384,
      "accuracy": 0.9340659340659341,
      "roc_auc": 0.9616326530612245,
      "pr_auc": 0.38629231596944996
    },
    "threshold_0.3": {
      "threshold": 0.3,
      "precision": 0.3125,
      "recall": 0.7142857142857143,
      "f1": 0.43478260869565216,
      "accuracy": 0.9285714285714286,
      "roc_auc": 0.9616326530612245,
      "pr_auc": 0.38629231596944996
    },
    "threshold_0.5": {
      "threshold": 0.5,
      "precision": 0.3333333333333333,
      "recall": 0.2857142857142857,
      "f1": 0.3076923076923077,
      "accuracy": 0.9505494505494505,
      "roc_auc": 0.9616326530612245,
      "pr_auc": 0.38629231596944996
    },
    "threshold_0.7": {
      "threshold": 0.7,
      "precision": 0.4,
      "recall": 0.2857142857142857,
      "f1": 0.3333333333333333,
      "accuracy": 0.9560439560439561,
      "roc_auc": 0.9616326530612245,
      "pr_auc": 0.38629231596944996
    }
  },
  "xgboost": {
    "threshold_0.2": {
      "threshold": 0.2,
      "precision": 0.3888888888888889,
      "recall": 1.0,
      "f1": 0.56,
      "accuracy": 0.9395604395604396,
      "roc_auc": 0.9730612244897959,
      "pr_auc": 0.5897977022977023
    },
    "threshold_0.3": {
      "threshold": 0.3,
      "precision": 0.4117647058823529,
      "recall": 1.0,
      "f1": 0.5833333333333334,
      "accuracy": 0.945054945054945,
      "roc_auc": 0.9730612244897959,
      "pr_auc": 0.5897977022977023
    },
    "threshold_0.5": {
      "threshold": 0.5,
      "precision": 0.42857142857142855,
      "recall": 0.8571428571428571,
      "f1": 0.5714285714285714,
      "accuracy": 0.9505494505494505,
      "roc_auc": 0.9730612244897959,
      "pr_auc": 0.5897977022977023
    },
    "threshold_0.7": {
      "threshold": 0.7,
      "precision": 0.3333333333333333,
      "recall": 0.42857142857142855,
      "f1": 0.375,
      "accuracy": 0.945054945054945,
      "roc_auc": 0.9730612244897959,
      "pr_auc": 0.5897977022977023
    }
  },
  "lightgbm": {
    "threshold_0.2": {
      "threshold": 0.2,
      "precision": 0.35714285714285715,
      "recall": 0.7142857142857143,
      "f1": 0.47619047619047616,
      "accuracy": 0.9395604395604396,
      "roc_auc": 0.966530612244898,
      "pr_auc": 0.41598639455782316
    },
    "threshold_0.3": {
      "threshold": 0.3,
      "precision": 0.36363636363636365,
      "recall": 0.5714285714285714,
      "f1": 0.4444444444444444,
      "accuracy": 0.945054945054945,
      "roc_auc": 0.966530612244898,
      "pr_auc": 0.41598639455782316
    },
    "threshold_0.5": {
      "threshold": 0.5,
      "precision": 0.36363636363636365,
      "recall": 0.5714285714285714,
      "f1": 0.4444444444444444,
      "accuracy": 0.945054945054945,
      "roc_auc": 0.966530612244898,
      "pr_auc": 0.41598639455782316
    },
    "threshold_0.7": {
      "threshold": 0.7,
      "precision": 0.4,
      "recall": 0.5714285714285714,
      "f1": 0.47058823529411764,
      "accuracy": 0.9505494505494505,
      "roc_auc": 0.966530612244898,
      "pr_auc": 0.41598639455782316
    }
  }
}