feature,importance
is_abnormal,0.7765027
X染色体浓度_std,0.051921982
13号染色体的GC含量_std,0.048107024
18号染色体的GC含量_std,0.023491668
18号染色体的Z值,0.022864928
X染色体的Z值,0.022852227
13号染色体的Z值,0.011947399
21号染色体的Z值,0.011320759
年龄_std,0.011017113
孕妇BMI_std,0.010202593
被过滤掉读段数的比例_std,0.0097716
