feature,importance
is_abnormal,0.5738108877009389
X染色体浓度_std,0.12718554279802954
18号染色体的Z值,0.059418028891212
13号染色体的GC含量_std,0.05568258859985138
18号染色体的GC含量_std,0.04194401034725712
孕妇BMI_std,0.03230521916899552
X染色体的Z值,0.02829882942899912
13号染色体的Z值,0.0233070616649717
21号染色体的Z值,0.022142344653397008
被过滤掉读段数的比例_std,0.020325037251914608
年龄_std,0.015580449494433223
