,Y染色体浓度,孕周_标准化,BMI_标准化,年龄_标准化,怀孕次数_标准化,生产次数_标准化
count,1006.0,1006.0,1006.0,1006.0,1006.0,1006.0
mean,-2.5706573219400584,5.650439250577337e-17,-0.0005809497773074312,-6.052143659048139e-05,0.0008634078913176827,0.0005774873901589002
std,0.5100330051887849,1.0,1.0003273571881715,1.0004955435789264,1.0001217857940148,1.0003293780513887
min,-4.594727299388531,-1.4270674987080334,-3.8573701729944383,-2.2747633268531113,-0.8685883386657042,-0.5809523144999608
25%,-2.8988971832105745,-0.8620118184245344,-0.6968056744589378,-0.523027407805635,-0.8685883386657042,-0.5809523144999608
50%,-2.4930980075464113,-0.1910081980878799,-0.17674350527042126,0.0608845652101905,-0.8685883386657042,-0.5809523144999608
75%,-2.2064967598269627,0.7978392424082428,0.5392112301833097,0.644796538226016,1.4795149017003737,0.9790983007039336
max,-1.1846477149600396,3.0227459835245187,4.844573712790074,3.564356403305143,1.4795149017003737,4.099199531111723
