变量,Spearman系数,P值,显著性,相关性强度
孕周,0.0872950312757555,0.00559481887242716,**,很弱
BMI,-0.15097301479377237,1.508324300984845e-06,***,很弱
年龄,-0.0836960549749492,0.007907578450859867,**,很弱
怀孕次数,-0.012787806498722475,0.6853969543254432,,很弱
生产次数,-0.004689941335210066,0.8818936511707658,,很弱
