模型配置,MAE_mean,MAE_std,RMSE_mean,RMSE_std,R2_mean,R2_std
Core_Splines,0.028055,0.002843,0.035585,0.004018,-0.1285,0.0671
Core_Quality,0.026528,0.001685,0.032939,0.002631,0.0271,0.0567
Core_Quality_Splines,0.027388,0.002523,0.034932,0.003834,-0.0877,0.0510
