模型,AIC,BIC,Log-Likelihood,Pseudo R²,MAE,RMSE,参数数量
M1_core_splines,432.59,-6858.25,-204.29,0.0046,0.025376,0.031733,13
M2_core_quality_splines,444.06,-6817.29,-204.03,0.0059,0.024705,0.031130,19
M3_full_splines,448.04,-6803.48,-204.02,0.0059,0.024717,0.031119,21
M4_linear_baseline,423.11,-6892.29,-204.55,0.0033,0.025987,0.032301,7
