feature,importance
is_abnormal,0.66902703
13号染色体的GC含量_std,0.07895521
孕妇BMI_std,0.042756196
18号染色体的GC含量_std,0.04033076
X染色体的Z值,0.037546877
X染色体浓度_std,0.03696082
被过滤掉读段数的比例_std,0.036794122
18号染色体的Z值,0.016734973
年龄_std,0.013953012
21号染色体的Z值,0.013557382
13号染色体的Z值,0.013383599
