feature,importance
is_abnormal,0.5355895240491231
孕妇BMI_std,0.09580730105227236
13号染色体的GC含量_std,0.08002368637992247
X染色体浓度_std,0.06957839185259583
18号染色体的GC含量_std,0.04817150255907737
X染色体的Z值,0.041170874493632714
21号染色体的Z值,0.03344431740653669
年龄_std,0.03166561820183251
被过滤掉读段数的比例_std,0.027949955502554344
18号染色体的Z值,0.021723513060173047
13号染色体的Z值,0.014875315442279763
