{
  "random_forest": {
    "threshold_0.3": {
      "threshold": 0.3,
      "precision": 0.07692307692307693,
      "recall": 0.25,
      "f1": 0.11764705882352941,
      "accuracy": 0.9175824175824175,
      "roc_auc": 0.8974719101123595,
      "pr_auc": 0.12997757613683772
    },
    "threshold_0.5": {
      "threshold": 0.5,
      "precision": 0.0,
      "recall": 0.0,
      "f1": 0.0,
      "accuracy": 0.9395604395604396,
      "roc_auc": 0.8974719101123595,
      "pr_auc": 0.12997757613683772
    },
    "threshold_0.7": {
      "threshold": 0.7,
      "precision": 0.0,
      "recall": 0.0,
      "f1": 0.0,
      "accuracy": 0.9725274725274725,
      "roc_auc": 0.8974719101123595,
      "pr_auc": 0.12997757613683772
    }
  },
  "xgboost": {
    "threshold_0.3": {
      "threshold": 0.3,
      "precision": 0.15384615384615385,
      "recall": 0.5,
      "f1": 0.23529411764705882,
      "accuracy": 0.9285714285714286,
      "roc_auc": 0.9283707865168539,
      "pr_auc": 0.17709933435739886
    },
    "threshold_0.5": {
      "threshold": 0.5,
      "precision": 0.2,
      "recall": 0.5,
      "f1": 0.2857142857142857,
      "accuracy": 0.945054945054945,
      "roc_auc": 0.9283707865168539,
      "pr_auc": 0.17709933435739886
    },
    "threshold_0.7": {
      "threshold": 0.7,
      "precision": 0.125,
      "recall": 0.25,
      "f1": 0.16666666666666666,
      "accuracy": 0.945054945054945,
      "roc_auc": 0.9283707865168539,
      "pr_auc": 0.17709933435739886
    }
  },
  "lightgbm": {
    "threshold_0.3": {
      "threshold": 0.3,
      "precision": 0.14285714285714285,
      "recall": 0.25,
      "f1": 0.18181818181818182,
      "accuracy": 0.9505494505494505,
      "roc_auc": 0.8932584269662921,
      "pr_auc": 0.1996006866696522
    },
    "threshold_0.5": {
      "threshold": 0.5,
      "precision": 0.2,
      "recall": 0.25,
      "f1": 0.2222222222222222,
      "accuracy": 0.9615384615384616,
      "roc_auc": 0.8932584269662921,
      "pr_auc": 0.1996006866696522
    },
    "threshold_0.7": {
      "threshold": 0.7,
      "precision": 0.3333333333333333,
      "recall": 0.25,
      "f1": 0.2857142857142857,
      "accuracy": 0.9725274725274725,
      "roc_auc": 0.8932584269662921,
      "pr_auc": 0.1996006866696522
    }
  }
}