组别,BMI区间,真实达标时间,预测均值,预测中位数,偏差,RMSE,MAE,标准差,CI_2.5%,CI_97.5%,检测成功率
1,"[-3.9, -0.2]",10.958444444444446,11.324,11.0,0.3655555555555541,0.5938475092121966,0.36555555555555425,0.4679999999999999,11.0,12.0,1.0
2,"[-1.4, 1.6]",11.164303030303032,11.897,12.0,0.7326969696969687,0.7932438776335563,0.7665433939393929,0.3039588787977742,11.0,12.0,1.0
3,"[-0.2, 1.5]",11.370161616161617,11.992,12.0,0.6218383838383836,0.6281870546379731,0.6277609696969686,0.08908422980528034,12.0,12.0,1.0
4,"[1.6, 4.8]",12.19359595959596,12.784,13.0,0.5904040404040405,0.7196672362456241,0.6740374949494946,0.41151427678757385,12.0,13.0,1.0
