组别,BMI区间,真实达标时间,预测均值,预测中位数,偏差,RMSE,MAE,标准差,CI_2.5%,CI_97.5%,检测成功率
1,"[-3.9, -0.2]",10.958444444444446,11.337,11.0,0.378555555555554,0.6055867474127669,0.37855555555555426,0.47268488446321194,11.0,12.0,1.0
2,"[-1.4, 1.6]",11.164303030303032,11.888,12.0,0.7236969696969684,0.7894259331619243,0.7605008484848476,0.3153664535108324,11.0,12.0,1.0
3,"[-0.2, 1.5]",11.370161616161617,11.994,12.0,0.6238383838383825,0.6286002936286981,0.6282803232323222,0.07722693830523131,12.0,12.0,1.0
4,"[1.6, 4.8]",12.19359595959596,12.81,13.0,0.6164040404040403,0.7320204512350902,0.6903576969696966,0.39484174044799264,12.0,13.0,1.0
