模型,MAE_mean,MAE_std,RMSE_mean,RMSE_std,R2_mean,R2_std
M1_baseline,0.024667,0.001701,0.030825,0.002215,0.157878,0.025699
M5_interact_BA,0.024672,0.001822,0.030836,0.002291,0.157601,0.025615
M4_interact_WA,0.024649,0.001698,0.030857,0.002076,0.155552,0.027774
M2_add_C_D,0.024721,0.001711,0.030857,0.002184,0.155966,0.027624
M3_interact_WB,0.024712,0.001570,0.030940,0.002016,0.151042,0.017914
