模型,MAE_mean,MAE_std,RMSE_mean,RMSE_std,R2_mean,R2_std
M3_interact_WB,0.372977,0.021576,0.463704,0.025256,0.164391,0.028959
M5_interact_BA,0.372255,0.024558,0.464397,0.029195,0.162535,0.033200
M2_add_C_D,0.373278,0.024313,0.464661,0.029033,0.161493,0.034497
M1_baseline,0.372493,0.024032,0.464733,0.029185,0.161386,0.031538
M4_interact_WA,0.372266,0.025256,0.465073,0.028162,0.159706,0.036960
M6_WB_focused,0.379750,0.020453,0.473665,0.025080,0.128008,0.029268
