训练集_MAE,训练集_RMSE,训练集_R²,解释偏差_伪R²,对数似然,AIC,BIC,偏差,Pearson_卡方,CV_MAE_均值,CV_MAE_标准差,CV_RMSE_均值,CV_RMSE_标准差,CV_R²_均值,CV_R²_标准差
0.024960,0.031275,0.141871,0.142423,-204.1050,450.2100,-6796.3993,13.6320,13.6327,0.025666,0.001674,0.032218,0.002457,0.080071,0.044499
