{
  "ab_T13": {
    "random_forest": {
      "threshold_0.3": {
        "threshold": 0.3,
        "precision": 0.3125,
        "recall": 0.7142857142857143,
        "f1": 0.43478260869565216,
        "accuracy": 0.9285714285714286,
        "roc_auc": 0.9616326530612245,
        "pr_auc": 0.37832493321215127
      },
      "threshold_0.5": {
        "threshold": 0.5,
        "precision": 0.3333333333333333,
        "recall": 0.2857142857142857,
        "f1": 0.3076923076923077,
        "accuracy": 0.9505494505494505,
        "roc_auc": 0.9616326530612245,
        "pr_auc": 0.37832493321215127
      },
      "threshold_0.7": {
        "threshold": 0.7,
        "precision": 0.4,
        "recall": 0.2857142857142857,
        "f1": 0.3333333333333333,
        "accuracy": 0.9560439560439561,
        "roc_auc": 0.9616326530612245,
        "pr_auc": 0.37832493321215127
      }
    },
    "xgboost": {
      "threshold_0.3": {
        "threshold": 0.3,
        "precision": 0.4666666666666667,
        "recall": 1.0,
        "f1": 0.6363636363636364,
        "accuracy": 0.9560439560439561,
        "roc_auc": 0.9738775510204082,
        "pr_auc": 0.48806431663574523
      },
      "threshold_0.5": {
        "threshold": 0.5,
        "precision": 0.4666666666666667,
        "recall": 1.0,
        "f1": 0.6363636363636364,
        "accuracy": 0.9560439560439561,
        "roc_auc": 0.9738775510204082,
        "pr_auc": 0.48806431663574523
      },
      "threshold_0.7": {
        "threshold": 0.7,
        "precision": 0.3333333333333333,
        "recall": 0.42857142857142855,
        "f1": 0.375,
        "accuracy": 0.945054945054945,
        "roc_auc": 0.9738775510204082,
        "pr_auc": 0.48806431663574523
      }
    },
    "lightgbm": {
      "threshold_0.3": {
        "threshold": 0.3,
        "precision": 0.38461538461538464,
        "recall": 0.7142857142857143,
        "f1": 0.5,
        "accuracy": 0.945054945054945,
        "roc_auc": 0.9730612244897959,
        "pr_auc": 0.46431405895691613
      },
      "threshold_0.5": {
        "threshold": 0.5,
        "precision": 0.45454545454545453,
        "recall": 0.7142857142857143,
        "f1": 0.5555555555555556,
        "accuracy": 0.9560439560439561,
        "roc_auc": 0.9730612244897959,
        "pr_auc": 0.46431405895691613
      },
      "threshold_0.7": {
        "threshold": 0.7,
        "precision": 0.5555555555555556,
        "recall": 0.7142857142857143,
        "f1": 0.625,
        "accuracy": 0.967032967032967,
        "roc_auc": 0.9730612244897959,
        "pr_auc": 0.46431405895691613
      }
    }
  },
  "ab_T18": {
    "random_forest": {
      "threshold_0.3": {
        "threshold": 0.3,
        "precision": 0.875,
        "recall": 1.0,
        "f1": 0.9333333333333333,
        "accuracy": 0.989010989010989,
        "roc_auc": 0.9927721088435375,
        "pr_auc": 0.8910553731982302
      },
      "threshold_0.5": {
        "threshold": 0.5,
        "precision": 0.8461538461538461,
        "recall": 0.7857142857142857,
        "f1": 0.8148148148148148,
        "accuracy": 0.9725274725274725,
        "roc_auc": 0.9927721088435375,
        "pr_auc": 0.8910553731982302
      },
      "threshold_0.7": {
        "threshold": 0.7,
        "precision": 0.875,
        "recall": 0.5,
        "f1": 0.6363636363636364,
        "accuracy": 0.9560439560439561,
        "roc_auc": 0.9927721088435375,
        "pr_auc": 0.8910553731982302
      }
    },
    "xgboost": {
      "threshold_0.3": {
        "threshold": 0.3,
        "precision": 0.875,
        "recall": 1.0,
        "f1": 0.9333333333333333,
        "accuracy": 0.989010989010989,
        "roc_auc": 0.9923469387755103,
        "pr_auc": 0.887446878518307
      },
      "threshold_0.5": {
        "threshold": 0.5,
        "precision": 0.8571428571428571,
        "recall": 0.8571428571428571,
        "f1": 0.8571428571428571,
        "accuracy": 0.978021978021978,
        "roc_auc": 0.9923469387755103,
        "pr_auc": 0.887446878518307
      },
      "threshold_0.7": {
        "threshold": 0.7,
        "precision": 0.8333333333333334,
        "recall": 0.7142857142857143,
        "f1": 0.7692307692307693,
        "accuracy": 0.967032967032967,
        "roc_auc": 0.9923469387755103,
        "pr_auc": 0.887446878518307
      }
    },
    "lightgbm": {
      "threshold_0.3": {
        "threshold": 0.3,
        "precision": 0.8571428571428571,
        "recall": 0.8571428571428571,
        "f1": 0.8571428571428571,
        "accuracy": 0.978021978021978,
        "roc_auc": 0.9923469387755103,
        "pr_auc": 0.887446878518307
      },
      "threshold_0.5": {
        "threshold": 0.5,
        "precision": 0.8571428571428571,
        "recall": 0.8571428571428571,
        "f1": 0.8571428571428571,
        "accuracy": 0.978021978021978,
        "roc_auc": 0.9923469387755103,
        "pr_auc": 0.887446878518307
      },
      "threshold_0.7": {
        "threshold": 0.7,
        "precision": 0.8571428571428571,
        "recall": 0.8571428571428571,
        "f1": 0.8571428571428571,
        "accuracy": 0.978021978021978,
        "roc_auc": 0.9923469387755103,
        "pr_auc": 0.887446878518307
      }
    }
  },
  "ab_T21": {
    "random_forest": {
      "threshold_0.3": {
        "threshold": 0.3,
        "precision": 0.07692307692307693,
        "recall": 0.25,
        "f1": 0.11764705882352941,
        "accuracy": 0.9175824175824175,
        "roc_auc": 0.8974719101123595,
        "pr_auc": 0.12997757613683772
      },
      "threshold_0.5": {
        "threshold": 0.5,
        "precision": 0.0,
        "recall": 0.0,
        "f1": 0.0,
        "accuracy": 0.9395604395604396,
        "roc_auc": 0.8974719101123595,
        "pr_auc": 0.12997757613683772
      },
      "threshold_0.7": {
        "threshold": 0.7,
        "precision": 0.0,
        "recall": 0.0,
        "f1": 0.0,
        "accuracy": 0.9725274725274725,
        "roc_auc": 0.8974719101123595,
        "pr_auc": 0.12997757613683772
      }
    },
    "xgboost": {
      "threshold_0.3": {
        "threshold": 0.3,
        "precision": 0.15384615384615385,
        "recall": 0.5,
        "f1": 0.23529411764705882,
        "accuracy": 0.9285714285714286,
        "roc_auc": 0.9283707865168539,
        "pr_auc": 0.17709933435739886
      },
      "threshold_0.5": {
        "threshold": 0.5,
        "precision": 0.2,
        "recall": 0.5,
        "f1": 0.2857142857142857,
        "accuracy": 0.945054945054945,
        "roc_auc": 0.9283707865168539,
        "pr_auc": 0.17709933435739886
      },
      "threshold_0.7": {
        "threshold": 0.7,
        "precision": 0.125,
        "recall": 0.25,
        "f1": 0.16666666666666666,
        "accuracy": 0.945054945054945,
        "roc_auc": 0.9283707865168539,
        "pr_auc": 0.17709933435739886
      }
    },
    "lightgbm": {
      "threshold_0.3": {
        "threshold": 0.3,
        "precision": 0.14285714285714285,
        "recall": 0.25,
        "f1": 0.18181818181818182,
        "accuracy": 0.9505494505494505,
        "roc_auc": 0.8932584269662921,
        "pr_auc": 0.1996006866696522
      },
      "threshold_0.5": {
        "threshold": 0.5,
        "precision": 0.2,
        "recall": 0.25,
        "f1": 0.2222222222222222,
        "accuracy": 0.9615384615384616,
        "roc_auc": 0.8932584269662921,
        "pr_auc": 0.1996006866696522
      },
      "threshold_0.7": {
        "threshold": 0.7,
        "precision": 0.3333333333333333,
        "recall": 0.25,
        "f1": 0.2857142857142857,
        "accuracy": 0.9725274725274725,
        "roc_auc": 0.8932584269662921,
        "pr_auc": 0.1996006866696522
      }
    }
  }
}