feature,importance
X染色体浓度_std,0.17201621269498307
孕妇BMI_std,0.168546875382481
13号染色体的GC含量_std,0.11991747893215093
18号染色体的GC含量_std,0.09673677716028303
18号染色体的Z值,0.09380604146623302
X染色体的Z值,0.07926970295068625
13号染色体的Z值,0.07508949676575592
年龄_std,0.07408886878465024
被过滤掉读段数的比例_std,0.06378093611332117
21号染色体的Z值,0.05674760974945527
