feature,importance
X染色体浓度_std,0.17962243
孕妇BMI_std,0.1364323
13号染色体的GC含量_std,0.11988653
18号染色体的GC含量_std,0.10522779
X染色体的Z值,0.0910162
18号染色体的Z值,0.08355062
年龄_std,0.07830714
13号染色体的Z值,0.07246899
被过滤掉读段数的比例_std,0.06989991
21号染色体的Z值,0.06358806
