{
  "threshold": 0.5,
  "precision": 0.2857142857142857,
  "recall": 0.3,
  "f1": 0.2926829268292683,
  "accuracy": 0.8406593406593407,
  "roc_auc": 0.6996913580246914,
  "pr_auc": 0.33066273763019555,
  "positive_rate_pred": 0.11538461538461539
}