{
  "random_forest": {
    "threshold": 0.5,
    "precision": 0.35294117647058826,
    "recall": 0.3,
    "f1": 0.32432432432432434,
    "accuracy": 0.8626373626373627,
    "roc_auc": 0.7279320987654322,
    "pr_auc": 0.41886711258494297,
    "positive_rate_pred": 0.09340659340659341
  },
  "xgboost": {
    "threshold": 0.5,
    "precision": 0.3157894736842105,
    "recall": 0.3,
    "f1": 0.3076923076923077,
    "accuracy": 0.8516483516483516,
    "roc_auc": 0.6953703703703703,
    "pr_auc": 0.3568463179874081,
    "positive_rate_pred": 0.1043956043956044
  },
  "lightgbm": {
    "threshold": 0.5,
    "precision": 0.2857142857142857,
    "recall": 0.3,
    "f1": 0.2926829268292683,
    "accuracy": 0.8406593406593407,
    "roc_auc": 0.6996913580246914,
    "pr_auc": 0.33066273763019555,
    "positive_rate_pred": 0.11538461538461539
  }
}