{
  "threshold": 0.5,
  "precision": 0.35294117647058826,
  "recall": 0.3,
  "f1": 0.32432432432432434,
  "accuracy": 0.8626373626373627,
  "roc_auc": 0.7279320987654322,
  "pr_auc": 0.41886711258494297,
  "positive_rate_pred": 0.09340659340659341
}