{
  "threshold": 0.5,
  "precision": 0.3157894736842105,
  "recall": 0.3,
  "f1": 0.3076923076923077,
  "accuracy": 0.8516483516483516,
  "roc_auc": 0.6953703703703703,
  "pr_auc": 0.3568463179874081,
  "positive_rate_pred": 0.1043956043956044
}