步骤,新增变量,AIC,R²,调整R²,新增变量p值
1,C2,-3971.3784,0.060957,0.057166,0.00520788
2,B2,-3975.8315,0.067021,0.062309,0.01134132
