聚类组,样本数,BMI区间,BMI范围,BMI均值,10%分位数,20%分位数,最佳NIPT时点,覆盖率
1,127,"[20.7, 31.5)",20.7-31.4,29.668654523108643,11.371428571428572,11.857142857142858,11.371428571428572,90
2,100,"[31.5, 36.1)",31.6-35.9,33.35801985951696,11.7,12.0,11.7,90
3,20,"[36.1, 45.7]",36.3-45.7,38.866252423706406,12.257142857142858,12.8,12.257142857142858,90
