聚类组,样本数,BMI范围,BMI均值,10%分位数,20%分位数,最佳NIPT时点,覆盖率
1,218,20.7-40.1,31.482448219268903,11.428571428571429,11.857142857142858,11.428571428571429,90
2,29,28.0-45.7,35.09904989862069,16.114285714285714,16.37142857142857,16.114285714285714,90
