组号,样本数,BMI区间,BMI范围,BMI均值,T_star(周),覆盖率,延迟惩罚和,组内代价
1,50,"[20.7, 29.4]",20.7-29.4,28.57663365174156,16.285714285714285,0.92,166.1428571428571,50.0
2,50,"[29.5, 30.5]",29.5-30.5,30.068740761253945,16.0,0.9,144.2857142857143,50.0
3,49,"[30.5, 32.3]",30.5-32.3,31.378358102543753,16.428571428571427,0.9183673469387755,162.42857142857136,49.0
4,49,"[32.3, 34.0]",32.3-34.0,33.08122507768614,13.857142857142858,0.9387755102040817,58.85714285714288,49.0
5,49,"[34.0, 45.7]",34.0-45.7,36.53587474244045,20.571428571428573,0.9183673469387755,301.4285714285715,49.0
