{
  "model": "random_forest",
  "threshold": 0.3,
  "metrics": {
    "threshold": 0.3,
    "precision": 0.875,
    "recall": 1.0,
    "f1": 0.9333333333333333,
    "accuracy": 0.989010989010989,
    "roc_auc": 0.9927721088435375,
    "pr_auc": 0.8910553731982302
  }
}