{
  "random_forest": {
    "threshold_0.2": {
      "threshold": 0.2,
      "precision": 0.8235294117647058,
      "recall": 1.0,
      "f1": 0.9032258064516129,
      "accuracy": 0.9835164835164835,
      "roc_auc": 0.9927721088435375,
      "pr_auc": 0.8910553731982302
    },
    "threshold_0.3": {
      "threshold": 0.3,
      "precision": 0.875,
      "recall": 1.0,
      "f1": 0.9333333333333333,
      "accuracy": 0.989010989010989,
      "roc_auc": 0.9927721088435375,
      "pr_auc": 0.8910553731982302
    },
    "threshold_0.5": {
      "threshold": 0.5,
      "precision": 0.8461538461538461,
      "recall": 0.7857142857142857,
      "f1": 0.8148148148148148,
      "accuracy": 0.9725274725274725,
      "roc_auc": 0.9927721088435375,
      "pr_auc": 0.8910553731982302
    },
    "threshold_0.7": {
      "threshold": 0.7,
      "precision": 0.875,
      "recall": 0.5,
      "f1": 0.6363636363636364,
      "accuracy": 0.9560439560439561,
      "roc_auc": 0.9927721088435375,
      "pr_auc": 0.8910553731982302
    }
  },
  "xgboost": {
    "threshold_0.2": {
      "threshold": 0.2,
      "precision": 0.8235294117647058,
      "recall": 1.0,
      "f1": 0.9032258064516129,
      "accuracy": 0.9835164835164835,
      "roc_auc": 0.9923469387755103,
      "pr_auc": 0.887446878518307
    },
    "threshold_0.3": {
      "threshold": 0.3,
      "precision": 0.875,
      "recall": 1.0,
      "f1": 0.9333333333333333,
      "accuracy": 0.989010989010989,
      "roc_auc": 0.9923469387755103,
      "pr_auc": 0.887446878518307
    },
    "threshold_0.5": {
      "threshold": 0.5,
      "precision": 0.8571428571428571,
      "recall": 0.8571428571428571,
      "f1": 0.8571428571428571,
      "accuracy": 0.978021978021978,
      "roc_auc": 0.9923469387755103,
      "pr_auc": 0.887446878518307
    },
    "threshold_0.7": {
      "threshold": 0.7,
      "precision": 0.8333333333333334,
      "recall": 0.7142857142857143,
      "f1": 0.7692307692307693,
      "accuracy": 0.967032967032967,
      "roc_auc": 0.9923469387755103,
      "pr_auc": 0.887446878518307
    }
  },
  "lightgbm": {
    "threshold_0.2": {
      "threshold": 0.2,
      "precision": 0.8571428571428571,
      "recall": 0.8571428571428571,
      "f1": 0.8571428571428571,
      "accuracy": 0.978021978021978,
      "roc_auc": 0.9923469387755103,
      "pr_auc": 0.887446878518307
    },
    "threshold_0.3": {
      "threshold": 0.3,
      "precision": 0.8571428571428571,
      "recall": 0.8571428571428571,
      "f1": 0.8571428571428571,
      "accuracy": 0.978021978021978,
      "roc_auc": 0.9923469387755103,
      "pr_auc": 0.887446878518307
    },
    "threshold_0.5": {
      "threshold": 0.5,
      "precision": 0.8571428571428571,
      "recall": 0.8571428571428571,
      "f1": 0.8571428571428571,
      "accuracy": 0.978021978021978,
      "roc_auc": 0.9923469387755103,
      "pr_auc": 0.887446878518307
    },
    "threshold_0.7": {
      "threshold": 0.7,
      "precision": 0.8571428571428571,
      "recall": 0.8571428571428571,
      "f1": 0.8571428571428571,
      "accuracy": 0.978021978021978,
      "roc_auc": 0.9923469387755103,
      "pr_auc": 0.887446878518307
    }
  }
}