组别,BMI区间,真实达标时间,预测均值,预测中位数,偏差,RMSE,MAE,标准差,CI_2.5%,CI_97.5%,检测成功率
1,"[-3.9, -0.4]",14.160547133326787,14.639,15.0,0.4784528666732122,0.7082345272773809,0.6065421224016496,0.5221867482041266,14.0,15.0,1.0
2,"[-0.4, 0.5]",15.762495865401517,16.19,16.0,0.42750413459848424,0.7737310806079836,0.613928167102438,0.6449030934954492,15.0,17.0,1.0
3,"[0.5, 1.7]",17.36444459747625,17.761,18.0,0.39655540252374877,0.862052891225807,0.7354799531722674,0.7654273316259357,16.0,19.0,1.0
4,"[2.0, 4.8]",20.968829244644393,21.106,21.0,0.13717075535560852,1.049561725733569,0.7926502550171352,1.0405594649033758,19.0,23.0,1.0
