簇,样本数,推荐NIPT时点_周,风险等级
1,250,11.029272875266056,低风险
2,1,22.529272875266017,中风险
3,5,14.149272875266044,中风险
