{
  "model": "xgboost",
  "threshold": 0.2,
  "metrics": {
    "threshold": 0.2,
    "precision": 0.21428571428571427,
    "recall": 0.75,
    "f1": 0.3333333333333333,
    "accuracy": 0.9340659340659341,
    "roc_auc": 0.9213483146067416,
    "pr_auc": 0.17261904761904762
  }
}