feature,importance
is_abnormal,0.6734516
13号染色体的GC含量_std,0.07127276
孕妇BMI_std,0.049483467
X染色体的Z值,0.041039255
被过滤掉读段数的比例_std,0.04048261
18号染色体的GC含量_std,0.038775668
X染色体浓度_std,0.033482097
18号染色体的Z值,0.016536675
21号染色体的Z值,0.013185961
年龄_std,0.011208407
13号染色体的Z值,0.01108147
