{
  "random_forest": {
    "threshold_0.2": {
      "threshold": 0.2,
      "precision": 0.11764705882352941,
      "recall": 0.5,
      "f1": 0.19047619047619047,
      "accuracy": 0.9065934065934066,
      "roc_auc": 0.9129213483146067,
      "pr_auc": 0.13640873015873017
    },
    "threshold_0.3": {
      "threshold": 0.3,
      "precision": 0.07692307692307693,
      "recall": 0.25,
      "f1": 0.11764705882352941,
      "accuracy": 0.9175824175824175,
      "roc_auc": 0.9129213483146067,
      "pr_auc": 0.13640873015873017
    },
    "threshold_0.5": {
      "threshold": 0.5,
      "precision": 0.125,
      "recall": 0.25,
      "f1": 0.16666666666666666,
      "accuracy": 0.945054945054945,
      "roc_auc": 0.9129213483146067,
      "pr_auc": 0.13640873015873017
    },
    "threshold_0.7": {
      "threshold": 0.7,
      "precision": 0.0,
      "recall": 0.0,
      "f1": 0.0,
      "accuracy": 0.9615384615384616,
      "roc_auc": 0.9129213483146067,
      "pr_auc": 0.13640873015873017
    }
  },
  "xgboost": {
    "threshold_0.2": {
      "threshold": 0.2,
      "precision": 0.21428571428571427,
      "recall": 0.75,
      "f1": 0.3333333333333333,
      "accuracy": 0.9340659340659341,
      "roc_auc": 0.9213483146067416,
      "pr_auc": 0.17261904761904762
    },
    "threshold_0.3": {
      "threshold": 0.3,
      "precision": 0.15384615384615385,
      "recall": 0.5,
      "f1": 0.23529411764705882,
      "accuracy": 0.9285714285714286,
      "roc_auc": 0.9213483146067416,
      "pr_auc": 0.17261904761904762
    },
    "threshold_0.5": {
      "threshold": 0.5,
      "precision": 0.18181818181818182,
      "recall": 0.5,
      "f1": 0.26666666666666666,
      "accuracy": 0.9395604395604396,
      "roc_auc": 0.9213483146067416,
      "pr_auc": 0.17261904761904762
    },
    "threshold_0.7": {
      "threshold": 0.7,
      "precision": 0.14285714285714285,
      "recall": 0.25,
      "f1": 0.18181818181818182,
      "accuracy": 0.9505494505494505,
      "roc_auc": 0.9213483146067416,
      "pr_auc": 0.17261904761904762
    }
  },
  "lightgbm": {
    "threshold_0.2": {
      "threshold": 0.2,
      "precision": 0.125,
      "recall": 0.25,
      "f1": 0.16666666666666666,
      "accuracy": 0.945054945054945,
      "roc_auc": 0.8792134831460674,
      "pr_auc": 0.1882901412313177
    },
    "threshold_0.3": {
      "threshold": 0.3,
      "precision": 0.14285714285714285,
      "recall": 0.25,
      "f1": 0.18181818181818182,
      "accuracy": 0.9505494505494505,
      "roc_auc": 0.8792134831460674,
      "pr_auc": 0.1882901412313177
    },
    "threshold_0.5": {
      "threshold": 0.5,
      "precision": 0.14285714285714285,
      "recall": 0.25,
      "f1": 0.18181818181818182,
      "accuracy": 0.9505494505494505,
      "roc_auc": 0.8792134831460674,
      "pr_auc": 0.1882901412313177
    },
    "threshold_0.7": {
      "threshold": 0.7,
      "precision": 0.25,
      "recall": 0.25,
      "f1": 0.25,
      "accuracy": 0.967032967032967,
      "roc_auc": 0.8792134831460674,
      "pr_auc": 0.1882901412313177
    }
  }
}