噪声水平,ARI分数,NMI分数,聚类一致性
0.002460974010784707,0.3505813164347417,0.5313432535196595,0.28572549019607846
0.0043067045188732375,0.35251968822644514,0.5241645736293661,0.2470588235294118
0.006152435026961768,0.3574777197851995,0.5245320057034629,0.2285490196078431
0.007998165535050299,0.35374110593893815,0.5176954943208413,0.2123921568627451
0.009843896043138829,0.3592597149363945,0.5239657453287287,0.21741176470588236
