噪声水平,ARI分数,NMI分数,聚类一致性
0.024979146553788797,0.3645325694801509,0.5319991384967157,0.17905882352941177
0.04371350646913039,0.37753004138430535,0.5380243818229601,0.19105882352941175
0.062447866384471994,0.36968856016001245,0.537387969940161,0.16062745098039216
0.08118222629981359,0.3627425805532891,0.533367045727307,0.15254901960784312
0.09991658621515519,0.3545240310693815,0.526335226621416,0.1755294117647059
