组别,BMI区间,真实达标时间,预测均值,预测中位数,偏差,RMSE,MAE,标准差,CI_2.5%,CI_97.5%,检测成功率
1,"BMI(标准化)∈[-1.471, -0.284]",14.180486833878472,14.664,15.0,0.4835131661215275,0.7217263898548149,0.6278539498364584,0.5358208655884912,14.0,15.0,1.0
2,"BMI(标准化)∈[-0.248, 1.210]",14.755830464160152,15.224,15.0,0.46816953583984855,0.7300730883195867,0.570962478965629,0.5601999642984637,14.0,16.0,1.0
3,"BMI(标准化)∈[-0.244, 1.127]",20.194621673062205,20.434,20.0,0.23937832693779626,0.9741385853191207,0.7826709201534929,0.9442690294614136,19.0,22.0,1.0
4,"BMI(标准化)∈[-3.857, -0.319]",19.492578538042046,19.701,20.0,0.20842146195795408,0.9354349286854168,0.7887217791742452,0.911920500920996,18.0,21.0,1.0
5,"BMI(标准化)∈[3.726, 4.845]",18.41301114471215,18.766,19.0,0.3529888552878475,0.8819552890920412,0.7541843891132631,0.8082351143077119,17.0,20.0,1.0
6,"BMI(标准化)∈[1.312, 2.935]",21.171605713672832,21.308,21.0,0.13639428632716744,1.068522064041121,0.8588173599399376,1.0597811094749707,19.0,23.0,1.0
