组别,BMI区间,真实达标时间,预测均值,预测中位数,偏差,RMSE,MAE,标准差,CI_2.5%,CI_97.5%,检测成功率
1,"BMI(标准化)∈[-1.471, -0.284]",14.180486833878472,14.681,15.0,0.500513166121527,0.725087877061116,0.6286881078299166,0.5246322521538301,14.0,16.0,1.0
2,"BMI(标准化)∈[-0.248, 1.210]",14.755830464160152,15.235,15.0,0.4791695358398478,0.7479160675349712,0.5910324445355509,0.5742603938980991,14.0,16.0,1.0
3,"BMI(标准化)∈[-0.244, 1.127]",20.194621673062205,20.359,20.0,0.16437832693779697,0.9649555608248851,0.7744621673062204,0.9508517234563968,18.0,22.0,1.0
4,"BMI(标准化)∈[-3.857, -0.319]",19.492578538042046,19.699,20.0,0.2064214619579552,0.9225013929294952,0.7837069362503294,0.8991101156143223,18.0,21.0,1.0
5,"BMI(标准化)∈[3.726, 4.845]",18.41301114471215,18.727,19.0,0.3139888552878496,0.908328135227008,0.7713992584008108,0.8523326815275829,17.0,20.0,1.0
6,"BMI(标准化)∈[1.312, 2.935]",21.171605713672832,21.312,21.0,0.14039428632716877,1.0594180268587632,0.8302494742133942,1.0500742830866776,19.0,23.0,1.0
