组别,BMI区间,真实达标时间,预测均值,预测中位数,偏差,RMSE,MAE,标准差,CI_2.5%,CI_97.5%,检测成功率
1,"BMI(标准化)∈[-0.196, 0.522]",16.578667572811074,16.992,17.0,0.4133324271889265,0.8116524473972148,0.6902608295170427,0.6985241584941784,16.0,18.0,1.0
2,"BMI(标准化)∈[-1.890, -0.660]",17.066693454701788,17.46,18.0,0.39330654529821274,0.8179792409189944,0.6298666130905964,0.7172168430816442,16.0,19.0,1.0
3,"BMI(标准化)∈[1.325, 2.605]",19.678429127706245,19.944,20.0,0.265570872293754,0.9681900062543848,0.7902049003200771,0.9310553152203149,18.0,22.0,1.0
4,"BMI(标准化)∈[-1.218, -0.571]",12.761873046936337,13.217,13.0,0.45512695306366346,0.6205252157688789,0.46122193743915363,0.4217949738913445,13.0,14.0,1.0
5,"BMI(标准化)∈[2.935, 4.845]",17.63550144760074,18.002,18.0,0.36649855239926055,0.8248134267279811,0.6911842327716087,0.7389154214116795,17.0,19.0,1.0
6,"BMI(标准化)∈[0.096, 0.874]",10.472793180631513,11.0,11.0,0.5272068193684873,0.5272068193684872,0.5272068193684873,0.0,11.0,11.0,1.0
7,"BMI(标准化)∈[-0.894, -0.221]",16.22473750047706,16.652,17.0,0.42726249952293927,0.8327359986806074,0.6977040749017254,0.7147698930425092,15.0,18.0,1.0
8,"BMI(标准化)∈[-3.857, -3.857]",22.080830497189396,22.144,22.0,0.0631695028106023,1.0560560525300438,0.8028542682748642,1.0541650724625624,20.0,24.0,1.0
9,"BMI(标准化)∈[0.385, 1.312]",17.597699464249455,17.961,18.0,0.3633005357505432,0.8303410620200791,0.7009548689467734,0.7466451633808393,17.0,19.0,1.0
