组别,BMI区间_标准化,BMI区间_原始,BMI均值_原始,样本数,最佳时点_周,预期成功率,风险等级,建议
1,"[-3.9, -1.4)","[8.3, 18.6]",16.31472357052452,22,10.639829145728644,0.9067255985270962,低风险,建议在10.6周进行NIPT检测，成功率高且风险低
2,"[-1.4, -0.2)","[18.6, 23.6]",21.53014189722961,477,11.049477386934674,0.9073656958442137,低风险,建议在11.0周进行NIPT检测，成功率高且风险低
3,"[-0.2, 1.5)","[23.7, 30.8]",26.551285466707146,434,11.356713567839197,0.9013086221679899,低风险,建议在11.4周进行NIPT检测，成功率高且风险低
4,"[1.5, 1.6)","[30.9, 31.2]",30.988804022974744,14,11.663949748743718,0.9032923797643437,低风险,建议在11.7周进行NIPT检测，成功率高且风险低
5,"[1.6, 4.8)","[31.3, 43.2]",34.412117731206074,58,11.971185929648241,0.9020326973509307,低风险,建议在12.0周进行NIPT检测，成功率高且风险低
6,"[4.8, +∞)","[44.8, 44.8]",44.84720959371831,2,12.89289447236181,0.9073699818874745,中风险,建议在12.9周进行NIPT检测，成功率达标
